{
  "generatedAt": "2026-03-04T00:32:47.619Z",
  "fixtureSeed": "ar-replay-bench-v2-fixed-seed",
  "fixtureCaseCount": 2,
  "evaluatedCaseCount": 2,
  "sampleCount": 22,
  "overall": {
    "meanErrorDeg": 1.0038423207928868,
    "p50ErrorDeg": 0.3226411183350648,
    "p90ErrorDeg": 2.8138808225708143,
    "p95ErrorDeg": 3.561708066938587,
    "startMeanErrorDeg": 0.3429273474217501,
    "endMeanErrorDeg": 1.98114447087701,
    "driftDeg": 1.63821712345526,
    "slopeDegPerMin": 1.185511113366354
  },
  "cases": [
    {
      "id": "falcon9-cape-low-drift",
      "sampleCount": 11,
      "meanErrorDeg": 0.296714632558421,
      "p50ErrorDeg": 0.28654241089647337,
      "p90ErrorDeg": 0.33251759773773654,
      "p95ErrorDeg": 0.3881693995828668,
      "startMeanErrorDeg": 0.3630344793660422,
      "endMeanErrorDeg": 0.26558095563095324,
      "driftDeg": -0.09745352373508898,
      "slopeDegPerMin": -0.07982248546082185
    },
    {
      "id": "falcon9-vandenberg-growing-drift",
      "sampleCount": 11,
      "meanErrorDeg": 1.7109700090273527,
      "p50ErrorDeg": 1.354598016472369,
      "p90ErrorDeg": 3.597832302997347,
      "p95ErrorDeg": 3.9676204290576598,
      "startMeanErrorDeg": 0.3330066410070889,
      "endMeanErrorDeg": 3.6035294799791573,
      "driftDeg": 3.2705228389720684,
      "slopeDegPerMin": 2.4508447121935304
    }
  ],
  "skippedCases": []
}
