{
  "generatedAt": "2026-03-09T01:50:36.221Z",
  "requests": 15,
  "warmupRequests": 5,
  "thresholdMs": null,
  "routes": [
    {
      "route": "/api/v1/launches?limit=20&region=all",
      "accept": "application/json",
      "min": 1.505625000000009,
      "max": 53.93495800000005,
      "mean": 6.544102733333322,
      "p50": 2.6289580000000115,
      "p95": 53.93495800000005
    },
    {
      "route": "/api/v1/search?q=starlink&limit=8",
      "accept": "application/json",
      "min": 1.093708000000106,
      "max": 2.61850000000004,
      "mean": 1.6158361999999897,
      "p50": 1.3714580000000751,
      "p95": 2.61850000000004
    }
  ]
}
